listing,price,brand,size
MICHAEL KORS Mina Small Chain Convertible Crossbody XBody Bag Cornflower Belted,148.0,Unknown,OS
James Sadler oilcloth tote bag features a whimsical London-,22.0,Unknown,OS
Vintage Handmade Cheerful Quilted Floral Paisley Clutch Purse,28.0,Unknown,OS
Franklin Covey Laptop Tote Womens Large Black Briefcase Professional Work‎ Bag,26.0,Unknown,OS
Sakroots Artist Circle Zip Smartphone Wristlet Wallet‎ Neon OW One World Print,14.0,Unknown,OS
Fossil Tessa Zip Around Clutch Wallet Purse Phone Black Geometric Billfold,10.0,Unknown,OS
Mainstreet Collection MSC Yellow Pebble Grain Pleather clutch wristlet pom,6.0,Unknown,OS
Betsey Johnson Flying Unicorn French Bulldog Wristlet Black NWOT,31.0,Unknown,OS
Handmade Nascar Bag with Jeff Gordon and Jimmie Johnson,20.0,Unknown,OS
Cxl Karen Caviar Red Shoulder Bag Christian Lecroix,37.0,Unknown,OS
Fry and Co Tote Bag,22.0,Unknown,OS
Michael Kors straw Ombré Jersey Crossbody with 2 detachable pouches NWT ret 398,139.0,Unknown,OS
Juicy Couture Crossbody Bag,108.0,Unknown,OS
Bershka Yellow Crossbody Bag,25.0,Unknown,OS
Stylish White and Gray Women's Bag,24.0,Unknown,OS
Vintage Suruchi Fabric Floral Print Bag/Tote,36.0,Unknown,OS
Coach cross body,150.0,Unknown,OS
NWT (R$498) Michael Kors Mimi Medium Leather Messenger Bag,276.0,Unknown,OS
💜 RARE STUART WEITZMAN Snakeskin Reptile Structured Bag EUC,895.0,Unknown,OS
Coach Sequin Satchel Purse Top Handle Handbag Designer Bag,100.0,Unknown,OS
Borbonese Quail Suede Crossbody/Shoulder bag,299.0,Unknown,OS
Red Candy Jelly Bag Handbag Crossbody Transparent PVC Small,34.0,Unknown,Small
Kurt Geiger Black Leather Shoulder/crossbody Bag,225.0,Unknown,OS
Lladro Society Black Pebbled Leather Coin Purse & Keychain Wallet Set Blue Cameo,28.0,Unknown,OS
New Metallic Orange patent leather Women's Bag,29.0,Unknown,OS
Designer St John Quilted Red Leather Vintage Shoulder Crossbody Handbag,40.0,Unknown,9.5 Tall x 11 x 1.5
"⭐🔥BUY NOW, PAY LATER!!!🔥⭐",500.0,Unknown,OS
Tory Burch Yellow Seahorse Print Clutch with Wristlet,125.0,Unknown,OS
Fossil Kinley Crossbody Bag | Striped Canvas & Brown Leather Shoulder Purse,49.0,Unknown,OS
Chloé Aby Medium Leather Bag – Rich Brown EUC,850.0,Unknown,OS
"NWT. , Tory Burch Emerson Mini Crossbody Crinkle 170174 Agnello",298.0,Unknown,OS
Patricia Nash Lucia Tooled Leather Bag,125.0,Unknown,OS
Jewell Adorable Grey Polka Dotted Long Wallet,8.0,Unknown,OS
🌂bebe Cream & Brown Dome Satchel with Striped Center,34.0,Unknown,OS
Juicy Couture Zip Around Black Wallet with Rhinestones NEW,99.0,Unknown,7.5” W X 4”H x 1”D
Saint Laurent Khaki Beige Embroidered Logo Jersey Tote Bag,50.0,Unknown,OS
Sparkly Rhinestone Basketball Clutch Purse | Crystal Evening Bag | Wristlet,24.0,Unknown,OS
Maggie B Blue and Green Quilted Floral Clutch Wallet,15.0,Unknown,OS
Dune London 3 Strap Zippered Snakeskin Luxury Bucket Handbag,76.0,Unknown,OS
Rare Marc Jacobs Vintage Brown Leather Lettered Gold‎ Hardware Crossbody Bucket,100.0,Unknown,OS
Brighton Black and Brown Leather Shoulder Bag with Silver Charm,105.0,Unknown,OS
"Vera Bradley Cosmetic Bag ""Java Blue"" 7"" x 5""",19.0,Unknown,OS
Black Hanging Makeup Bag Travel Organizer Large Cosmetic Toiletry Case Women,30.0,Unknown,OS
New Faux Leather Butterfly Cutie multiple pockets and Pewter hardware,22.0,Unknown,OS
COACH CR350 Teri 2way Shoulder Bag Crossbody Straw Leather Latte,125.0,Unknown,OS
Elle Taupe Shoulder Hobo Bag with Lace-Style Texture,18.0,Unknown,OS
Burberry Black Quilted Leather Shoulder Bag with Gold Chain and TB Logo,1800.0,Unknown,OS
Breeke Canvas Still Life Tote Bag,18.0,Unknown,OS
NAGHEDI St. Barths petit tote bag woven in red with strap and small pouch,150.0,Unknown,OS
Michael Kors Tote Bag,150.0,Unknown,OS
Purple Purse Handbag Pebble Finish Brand New Plum,35.0,Unknown,OS
Dooney & Bourke Wayfarer Black Nylon Brown Leather Small Crossbody Shoulder Bag,39.0,Unknown,OS
Chloé Beauty Nomade Nuit‎ D'Egypte Deep Blue Pouch,9.0,Unknown,OS
Gucci Sherry Line Denim Leather Webstrap Handles Tote,440.0,Unknown,12.5”Wx8”Hx3”D Handles Drop 8”
Dooney & Bourke Florentine Black Leather Front Pocket Satchel,167.0,Unknown,OS
Michael Kors Mimi Large Saffiano Leather Bi-Fold Continental Wallet Light Sand,87.0,Unknown,Large
Louis Vuitton “W” Handbag | Chocolate Calfskin & Monogram Canvas | Authentic,2150.0,Unknown,OS
Tassel Evening Clutch Crossbody Silk Satin Purse Wedding Party,65.0,Unknown,OS
ELLIOTT LUCCA Women's Black Wristlet Leather Woven Zip Around Wallet Card Case,14.0,Unknown,OS
A New Day Blush Crossbody Bag‎,9.0,Unknown,OS
Authentic Louis Vuitton Brown Monogram Bag,750.0,Unknown,OS
Coach Jes Crossbody - Kaffe Fasset Collaboration LIMITED EDITION -Chalk/Floral,285.0,Unknown,OS
Vintage Genuine Snakeskin Clutch Crossbody Bag,100.0,Unknown,OS
GUESS Willie Slim Clutch Multicolor Logo Wallet,16.0,Unknown,OS
Baggallini Hailey Gray / Taupe Crossbody Adjustable Strap Bag,28.0,Unknown,OS
Silver Metallic Women's Clutch Bag,15.0,Unknown,OS
Kate Spade New York women Toujours Small shoulder and clutch bag,108.0,Unknown,OS
💎✨BEAUTIFUL✨💎Authentic MCM Shoulder bag White,460.0,Unknown,OS
"NWT No Boundaries Women's Jute‎ Tote, Black & White",20.0,Unknown,OS
Trader Joe’s Mini Tote Canvas Bag Halloween 2026 ** SET OF ALL 4 **,67.0,Unknown,OS
Charming Charlie Black Zigzag Leather Handbag,20.0,Unknown,"8 1/2"" × 9"" × 1/2"""
Authentic Fendi handbag,441.0,Unknown,OS
VINTAGE HL Black Evening Bag With Gold Chain,10.0,Unknown,OS
Kate Spade crisp sky blue pebbled leather wallet NWT! MSRP $239,95.0,Unknown,OS
Striped Canvas Pouch Thirty-one wallet stripe card holder coin bag magnetic 31,21.0,Unknown,OS
"Three Ipsy bags, Gold Stay Golden, Pink Floral Peony, Silver Glam, cosmetic bag",18.0,Unknown,OS
A New Day black crossbody purse,15.0,Unknown,OS
"Brown,Dark Brown Shoulderbag",19.0,Unknown,OS
NWT Kavu Women's Stirling ID Wallet Springtime Stripe,12.0,Unknown,OS
Cole Haan Women Shoulder Bag,37.0,Unknown,OS
POLKA DOT MAKEUP BAG NEW,16.0,Unknown,"6"" long x 4"" tall x 3"" wide"
MK Studio Lydia Hobo,69.0,Unknown,OS
Brand New Aldo Handbag With Adjustable Strap Black Purse With Ribbon,40.0,Unknown,OS
U.S. Polo Assn. Multicolor Crossbody Bag.,9.0,Unknown,OS
Spartina 449 floral white wallet wristlet blue pink yellow,39.0,Unknown,OS
NEW MINISO Disney Stitch Crossbody Bag,38.0,Unknown,OS
"NWT! Universal Thread, Waxed Cotton Woven Cord Tote Bag - Green, MSRP $35",24.0,Unknown,OS
Louis Stewart — Mini Leather Crossbody,135.0,Unknown,OS
Dooney & Bourke Allison Crossbody Small Natural Florentine Vacchetta Leather,152.0,Unknown,OS
Lululemon Mini Shoulder Bag 4L Gray Sage OS,76.0,Unknown,OS
Coach Hampton Signature Stripe Tote.,125.0,Unknown,OS
Guess Iconic Women’s Logo Clutch Wristlet,18.0,Unknown,OS
LYCHEE BERRY - LABUBU! Authentic MAC,35.0,Unknown,OS
authentic Gucci BackPack Bag Reds Leather,400.0,Unknown,7.87*8.66*2.75 handle 6.69 shoulder 23.62-29.53
Kate Spade Red Leather Crossbody Wallet Clutch Purse Phone Bag,53.0,Unknown,OS
Vintage Y2K ERA Dark Academia Retro cottage handbag with wooden handle & beading,39.0,Unknown,OS
Coach Soho Pleated Purple Leather Buckle Flap Shoulder Bag,325.0,Unknown,OS
Brighton Leather Crossbody Wallet Purse in Dark Brown,59.0,Unknown,4” H x 7.5” W Adjustable Strap Drop up to 25”
Louis Vuitton Zippy Long Wallet – Monogram Empreinte Ivory Leather Authentic,800.0,Unknown,OS
Vibrant Pink Women's Bag,10.0,Unknown,OS
(new+tag) Michael Kors jet set glam oval crossbody fit iPhone Pro Max croc red,64.0,Unknown,Size 5.25 x 7.25 inch
Express sparkly clutch,40.0,Unknown,OS
Coach Rogue Bag 25 In Signature Textile Jacquard,484.0,Unknown,OS
Gucci Hysteria Crest Drawstring Hobo / Shoulder Bag,599.0,Unknown,OS
Michael Kors MK Black Crossbody Bag with Gold Accents LIKE NEW,119.0,Unknown,OS
💎✨HOT BUY✨💎AUTHENTIC Ferragamo Vara Tote bag,247.0,Unknown,OS
Coach Black Signature Wallet with silver accents,200.0,Unknown,OS
Milly Tweed Chain Link Purse,75.0,Unknown,OS
Lu & Elle Gray White & Dark Green Backpack with Brown Faux Leather Straps NWOT,25.0,Unknown,OS
FREE W/ $40 PURCHASE! Just add to bundle!,15.0,Unknown,OS
Portland Leather Cognac Brown Leather Tote Bag crossbody,170.0,Unknown,OS
"⭐🔥BUY NOW, PAY LATER!!!🔥⭐",450.0,Unknown,OS
Neutral Boho Crossbody Bag | Beige Pattern Lightweight Everyday Purse,18.0,Unknown,OS
Michael Kors Black Pebbled Leather Chain Shoulder Tote Bag Crossbody Strap,40.0,Unknown,OS
Anthropologie Luna Monochrome Commuter Clutch Gray Zip Organizer Pouch Bag,25.0,Unknown,OS
Kate Spade Gray Saffiano Leather Satchel Tote Shoulder Bag Gold Hardware,75.0,Unknown,OS
Vintage Sequin and Shell Embellished Women's Purse,15.0,Unknown,OS
Rapha House Crossbody & Wristlet Purse Wallet Cloth & Leather,14.0,Unknown,OS
Vera Bradley Large Traveler Duffel in Paisley Noir,53.0,Unknown,OS
Yellow crossbody purse,13.0,Unknown,OS
Croc-Embossed Structured Satchel in Tan,65.0,Unknown,30cm
Jimmy Choo Snakeskin Shoulder Bag – Pink & Black EUC,650.0,Unknown,OS
Coach Georgie Crossbody In Signature Canvas Light Khaki / Marble Blue,176.0,Unknown,small
Valentino Garavani Rockstud Grainy Calfskin Crossbody Bag *BRAND NEW*,1125.0,Unknown,OS
Susen Faux Leather Studded Bling Chain Clutch,40.0,Unknown,OS
Gucci Vintage Tom Ford Bamboo Canvas Cylinder Satchel Bag,2000.0,Unknown,OS
6x Vintage Leather Wallets Lot Hand Tooled Western Boho Floral Baronet,40.0,Unknown,OS
Marc Tetro Cosmetic Travel Bag With Hydrangeas & West Highland White Terrier,32.0,Unknown,"8"" W x 7"" H x 2.5"""
Coach Signature Jacquard Canvas Crossbody Shoulder bag,150.0,Unknown,OS
Sezane x Sea New York Limited‎ Edition Tote,80.0,Unknown,OS
Women's Army Green Soft Faux Leather Tassel Style Handbag Tote Shoulder Bag,68.0,Unknown,OS
81 Stitches Handmade Floral Paisley Print Buttons Accent Cosmetic Wristlet Pouch,15.0,Unknown,OS
Fendi Mini Roll Carryall in Brown Jacquard with Calfskin Details,499.0,Unknown,OS
Patchwork Y2K Vintage Boho 2000s Hobo Bag Multicolor Faux Suede Shoulder Purse,42.0,Unknown,OS
Dooney & Bourke Black Logo Hobo with Silver-Tone Hardware,60.0,Unknown,OS
Navy Pebbled Buffalo Leather Statement Messenger Large Crossbody Bag Ampersand,450.0,Unknown,"16” H x 12"" W x 3"" D"
Lululemon Athletica Patch Logo Travel Kit 5l,65.0,Unknown,OS
Crocs Green Carrying Messenger School Work Bag Side Bag,54.0,Unknown,One
Etienne Aigner Black Leather Crossbody Bag Gold Logo Stitch Detail Hobo,44.0,Unknown,OS
Gucci GG Denim Monogram Super Mini Dionysus Shoulder Crossbody Bag Black 476432,998.0,Unknown,4.25”H x 6.5”W x 1.5”D
White Quilted Leather Crossbody Bag Small Chain Purse,70.0,Unknown,OS
Autumn Sky Blue Floral Embossed Tooled Artisan LEATHER Crossbody Handbag Purse,120.0,Unknown,Medium
Tory Burch Amanda Camel Tan Pebbled Leather Foldover Crossbody Bag,65.0,Unknown,OS
"⭐🔥BUY NOW, PAY LATER!!!🔥⭐",294.0,Unknown,OS
"Free People Shay Studded Tote Bag, NWT",258.0,Unknown,OS
LoveShackFancy Bag,155.0,Unknown,OS
Coach Women's Pink and Brown Wallet,38.0,Unknown,Large
Stranger Things Mini Backpack Demogorgon with Surfer,41.0,Unknown,OS
Coach Gold Metallic Bow Wristlet Clutch,47.0,Unknown,OS
NWT Coach Kleo Top Handle In Signature Chambray blue and white leather Strap,228.0,Unknown,OS
Sam Edelman Leather and Linen Sylvie Bag Satchel‎ Rose Gold *READ*,40.0,Unknown,OS
"New Isabelle FIORE Black and Gold Studded Women's Bag,Just Reduced !",225.0,Unknown,OS
Tory Burch Emerson Mini Wallet Black Gold,175.0,Unknown,OS
Handcrafted BOHO Crossbody,21.0,Unknown,OS
Portland Leather Black Crescent Leather Crossbody Bag - Small - like new,90.0,Unknown,OS
Liz Claiborne Pink Yorkie Wristlet Charger Pocket NWT Artist Signed Dogs‎,34.0,Unknown,OS
Urban Outfitters Black Barrel Bag Design,11.0,Unknown,OS
Whak Sak Ultimate‎ Tennis Tote Dark Peacock Green/Black/Antique Gold Detail,13.0,Unknown,OS
Free People Benton Messenger Bag in Denim Blue,600.0,Unknown,OS
Louis Vuitton Black and Red Taurillon Capucines Mini Top Handle Bag,499.0,Unknown,OS
Coach Jes Slim Ivory with Horse and Carriage 1897 Crossbody,150.0,Unknown,8 1/2” L x 8 1/2” H x 1”
Coach Classic Dark Brown Monogram Drawstring Bucket Bag,157.0,Unknown,OS
H.G. Wells Seven Novels Book Purse Beaded Handles,67.0,Unknown,OS
Michael Kors Black Nappa Soft Leather Slouchy Hobo Shoulder Handbag Purse,110.0,Unknown,OS
Dooney and Bourke Vintage,180.0,Unknown,OS
Authentic Louis Vuitton Monogram International Flap Closure Wallet,258.0,Unknown,OS
Anthropologie White Woven Leather Shoulder Bag with Gold Hardware,85.0,Unknown,OS
Tory Burch 2 way bag,150.0,Unknown,OS
"STAUD Women's 'Bissett' Mini Bucket Bag, Leather, Drawstring, Rosy Light Pink",125.0,Unknown,OS
Dooney & Bourke Tan Crossbody Bag,79.0,Unknown,OS
Brown Suede with a Red Leaf Patch w/ Flowers,13.0,Unknown,"W 15"" x H 13"""
Andrew Marc New York Red Studded Crossbody Bag,100.0,Unknown,"9"" x 6.5"""
Kristine Black and Tan Clutch with Gold Accents,25.0,Unknown,OS
Vera Bradley blue and white quilted purse,30.0,Unknown,OS
Cream Woven Straw Tote Bag Boho Crochet Beach Shopper Shoulder Bag,34.0,Unknown,OS
Coach Light Pink Pebbled Leather Mini Crossbody Bag double zip compartments,120.0,Unknown,OS
laura mercier Metallic Snake-Embossed Cosmetic Pouch - Silver,8.0,Unknown,OS
Sezane recycle grocery tote bag,35.0,Unknown,OS
Stranger Things Reusable Canvas Tote Bag 14 x 16 Medium Primark NWT,8.0,Unknown,OS
CELINE BI-FOLD MACADAM WALLET,217.0,Unknown,4” x 3.75 x .05”
Tumi Travel Toiletry Bag for Men & Women - Small,30.0,Unknown,OS
White spring floral round rattan crossbody canteen purse woven straw,45.0,Unknown,OS
Hello Kitty Keychain Wristlet,10.0,Unknown,OS
"Patricia Nash brown suede leather purse, grommet details",100.0,Unknown,OS
CHANEL Reverso Boy Bag,3299.0,Unknown,OS
Kate Spade large yellow leather crossbody,65.0,Unknown,10.5 inches wide. 9 inches long
Kate Spade Ivory Studded Tote and Wallet Set with Multicolor Gems Gold Hardware,125.0,Unknown,OS
Dooney & Bourke Gray & Black Signature Pouchette/Shoulder Small Bag (EUC)✨️🖤✨️,85.0,Unknown,DOONEY & BOURKE SMALL POUCHETTE/SHOULDER BAG🩶🖤
Kate Spade Black Zippy Wallet,40.0,Unknown,OS
Gucci Micro Guccissima Trim Medium Leather 2 Way Boston Shoulder Bag Satchel Red,998.0,Unknown,13”W x 9”H x 7”D
Moshi Tego Urban Backpack Charcoal‎ Black Laptop Bag RFID Anti-Theft Design,65.0,Unknown,OS
Seaside Sweetheart Fringe Backpack Denim,168.0,Unknown,OS
RADLEY LONDON Slate Blue Woven Shoulder boho Bag with Rope Strap. (Bags25),90.0,Unknown,OS
Louis Vuitton Suhali Noir Lockit PM Bag,1538.0,Unknown,OS
HTF Christian Louboutin Cyclope Patent Leather Chain Tote Bag,276.0,Unknown,OS
NWT Viral Sol and Mer Beaded Teddy Shoulder Bag - Navy Green and Plaid,55.0,Unknown,OS
Disneyland Resort Black Sling Bag with Neon Green Accents,36.0,Unknown,OS
Wrangler 3Pcs Doctor Bag Sets for Women Top-handle Satchel Bag with Cell Phone H,135.0,Unknown,OS
Vintage Whimsy Owl Tapestry‎ Mini Backpack Red Floral Boho Woven Small Rucksack,29.0,Unknown,OS
COACH Grey Leather Ashley Gathered Convertible Satchel Purse,40.0,Unknown,OS
Caribbean Joe Crossbody Bag Blue Yellow Tropical Palm Print Canvas Shoulder Bag,25.0,Unknown,OS
💎✨AUTHENTIC✨💎BVLGARI Tote Bag,388.0,Unknown,OS
Louis Vuitton Monogram Dome Handbag with Black Leather Trim,499.0,Unknown,OS
Puma Fenty Rihanna Velvet Duster Bag Black,16.0,Unknown,OS
True Religion Men's Crossbody Bag in Olive Green,30.0,Unknown,OS
KENDALL & KYLIE | QUILTED SHOULDER/CROSSBODY WITH CHAIN STRAP | IN BLACK,16.0,Unknown,OS
🇺🇸🇺🇸 SALE 🇺🇸🇺🇸 Nine West Gray and Black Snakeskin Crossbody Bag,9.0,Unknown,Approximately 9 x 8.5
Taylor Swift The Eras Makeup Bag *New*,10.0,Unknown,OS
"Kate Spade Wallet, ❄️ Winter Scene ❄️NWOT.",130.0,Unknown,OS
JW PEI Fiona Vegan Leather Flap Closure Crossbody Shoulder Bag Purse Petal Pink,55.0,Unknown,OS
Cream Leather Wristlet Clutch with Gold Medallion Accent,35.0,Unknown,OS
Alexander McQueen Mini Heroine Chain Leather Crossbody Bag,180.0,Unknown,OS
Sézane Mini Cotton Crossbody Top Handle Tote Animal Print,40.0,Unknown,OS
CGoogle Collectible Sunnyvale Tote Bag California Book Bag Farmers Market Summer,19.0,Unknown,OS
helen moore Slouch Bag,100.0,Unknown,OS
Mystery Crystal Dumpling Squish NIB,25.0,Unknown,OS
The Sak Leather Crossbody Bag,39.0,Unknown,OS
Satin Evening Clutch Purse with 2 Detachable Chains for Wedding Formal Party,48.0,Unknown,OS
Sumdex She‎ Rules Laptop Bag,15.0,Unknown,OS
Vera Bradley Imperial Toile Print Crossbody Messenger Handbag Retired Print,26.0,Unknown,OS
Louis Vuitton Brown Damier Wristlet Pouch with Gold Hardware,350.0,Unknown,OS
464. NWT BEBE SOPHIA ZIP WALLET WRISTLET WITH CREDIT CARD CASE,30.0,Unknown,7.5”L x 4.0”H x 1.0”D
Buji Baja Chunky Crochet Clutch Purse Snap Closure,35.0,Unknown,OS
Brown vintage Women's‎ Bag,15.0,Unknown,OS
Christina Christi Leather Shoulder Bag Gray Black Handmade in Greece,186.0,Unknown,OS
Christian Dior Mini Bag – Red Leather,950.0,Unknown,7inW x 5inH x 3inD
"Tumi Voyageur Carson Red Backpack - Ballistic Nylon 16""",155.0,Unknown,OS
💎✨Beautiful✨💎Authentic Ferragamo Vara Logo Canvas Tote Bag Shoulder Bag Brown,225.0,Unknown,OS
Walter Baker Suede Studded Tote,85.0,Unknown,OS
Gucci Horsebit 1955 GG Supreme Small Shoulder/Crossbody Bag,1595.0,Unknown,OS
NWOT Anna Paola Italian Pebble Leather / Suede Bag Purse Beige ui,119.0,Unknown,OS
⭐🔥AUTHENTIC🔥⭐Louis Vuitton TIVOLI PM Hand Bag,1250.0,Unknown,OS
✨ VINTAGE 1970s handmade woven bag,45.0,Unknown,OS
✨Nanette Lepore Black Satchel Crossbody Bag,27.0,Unknown,OS
Dooney & Bourke Embossed Crocodile Leather Satchel Brown Dome Top,120.0,Unknown,OS
Kate Spade XL Stevie Berkshire Road Freshair Top Handle Slouchy Tote | EUC,157.0,Unknown,OS
Beige Tan Crochet Knit Woven Hobo Bag Unique Boho Hippie Purse with Front Pocket,22.0,Unknown,OS
💎✨STUNNING✨💎AUTHENTIC BVLGARI Tote Bag,436.0,Unknown,OS
❤️5/$25 Target Graphic Straw Shoulder Bag Black Large Size Woven Beach Summer,15.0,Unknown,OS
B. Makowsky Black And Gold Leather Exterior Quilted Chain Shoulder Bag,43.0,Unknown,OS
NWT Kate Spade Rosie Crossbody in Tropical Pink Pebbled Leather,94.0,Unknown,OS
Freshly Picked Classic Diaper Bag Backpack Vegan Leather Nude Beige Large,42.0,Unknown,OS
BLACK QUILTED CHEVRON CROSSBODY,16.0,Unknown,OS
Rolling Stones U2 Bono Tote Bag,28.0,Unknown,OS
💎✨AUTHENTIC✨💎Ferragamo Tote Bag,230.0,Unknown,OS
Myra Bag Seeker Leather Crossbody shoulder Handbag Canvas,18.0,Unknown,OS
Brandon Blackwood Kamal Bucket Bag,200.0,Unknown,OS
Fossil Shoulder Bag,45.0,Unknown,OS
Large Madewell Classic Brown Leather Tote Bag,40.0,Unknown,OS
🤎🖤DOONEY & BOURKE PEBBLED LEATHER BLACK & TAN TURNLOCK SHOULDER BAG!🤎🖤,115.0,Unknown,APPROX SIZE 8 WIDE X 6 HIGH
Vintage Dooney & Bourke Cream Pebbled Leather Clutch with Tan Trim,45.0,Unknown,OS
Vintage Celebration Faux Fur Evening Bag With Multicolor Christmas Boxes.,42.0,Unknown,"7"" W x 5. 1/2"" H, Strap Drop 20"""
ANN TAYLOR Woven Drawstring Wristlet Clutch in‎ Tan,16.0,Unknown,OS
Coach Tabby Shoulder Bag 26 With Pillow Quilting,166.0,Unknown,OS
GIUDI WOMEN'S CROSSBODY PINK/TAN,76.0,Unknown,OS
Vintage✨️Fossil Explorer Fold Over Leather Crossbody Bag,125.0,Unknown,XL
Hand Beaded Vintage Cat Coin Purse Wristlet,26.0,Unknown,OS
Perri Ellis Bag,50.0,Unknown,OS
"Wilson’s Leather Shoulder Bag, Buttery Tan with Gold Studs",54.0,Unknown,OS
Tory Burch Jordana black patent embossed croc tote,400.0,Unknown,OS
Inspirational Ombre Pink to Purple MAKEUP BAG. NEW,8.0,Unknown,OS
PINK Victoria's Secret Black Mesh Tote with Polka Dot Pouch,19.0,Unknown,OS
Vintage Fendi Brown Leather and PVC Boston Bag,179.0,Unknown,OS
FLAWED Vtg Coach Signature Mini Baguette Brown Canvas Shoulder Bag Gold Accent,120.0,Unknown,OS
Harry Potter white owl Hedwig mini back pack,28.0,Unknown,OS
Hand Painted Trader Joe’s‎ Mini Pastel Canvas Tote Bag Floral Teal Green,53.0,Unknown,OS
Jules Kae Cream Tote Bag with Textured Finish and Sturdy Handles,48.0,Unknown,OS
Chanel CC Quilted Patent Flap Clutch Chain Orange Silver Shoulder Bag Purse,2115.0,Unknown,OS
459. NWT BEBE JACARI CHARMS CROSSBODY HANDBAG,40.0,Unknown,7.5”L x 4.75”H x 1.25”D
AA Premium Cabin U.S. Soccer World Cup 2026 Clear Fanny Pack Belt Bag NWOT,25.0,Unknown,OS
LV Pochette Felicie Monogram Fuchsia Lining,320.0,Unknown,OS
Vintage AVON Gabby Puccini double handle purse wide bottom base red brown NWOT,26.0,Unknown,Medium
Liselle Kiss Pink Metallic Leather Crossbody Clutch Evening Bag Purse,150.0,Unknown,OS
Black and Floral Leather Crossbody Purse Mini SUPER SWEET AIMEE KESTENBERG,89.0,Unknown,OS
Marc By Marc Jacobs Zippy Wallet,50.0,Unknown,OS
"Trader Joe’s Halloween Canvas Tote Bag - Black, Lime Green, Purple ,Black & Lime",67.0,Unknown,OS
Victoria Secret Gold Designer Chain Shoulder Bag,65.0,Unknown,OS
Eco Bag Lot Crochet Plarn Tote Mountain Cement Crossbody Sustainable Earthy,24.0,Unknown,OS
Brighton Black Piper Slim Purse,55.0,Unknown,OS
Karl Lagerfeld Paris Camilla Floral Embossed Crossbody Bag Parisian Elegance Chi,55.0,Unknown,OS
Vtg OTTINO Black Leather Crossbody Bag One Size,100.0,Unknown,OS
Marc Jacobs The Snapshot Bag Camel Brown,198.0,Unknown,OS
Halston Heritage Red Shoulder Bag w Chain Strap 100% cow leather cotton interior,89.0,Unknown,OS
Coach Purse Handbag Hobo Crossbody F58327 Celeste Convertible Hobo Shoulder Bag,125.0,Unknown,OS
Vin Baker reptile skin‎ black leather handbag Made in the USA,20.0,Unknown,OS
"Crstafu Light Canvas Tote & Makeup Bag Set Tan & Black With ""K"" Monogram",15.0,Unknown,OS
Coach Metallic Wristlet (NWT),85.0,Unknown,"Length: 7.5"" Height: 4.75"" Width: 0.5”"
Liz Claiborne Heritage Satchel Purse Womens Bag Handbag,20.0,Unknown,OS
Vera Bradley Pink and Yellow Baby Bag with Paisley Print,14.0,Unknown,OS
"Sale , Juicy Couture Y2K Vintage Gray Suede Messenger Bag with Pink Crest Detail",84.0,Unknown,OS
Sling Bag for Women Travel Hiking Outdoor Trendy Cross body Bag,27.0,Unknown,OS
Be considerate with your offers!!!!,100.0,Unknown,OS
MICHAEL KORS LARGE DOUBLE ZIP WRISTLET WALLET PHONE CASE CLUTCH Black,85.0,Unknown,Large
Kavu Can as Spectator Multicolor Striped Belt Sling Bag,20.0,Unknown,OS
Handmade Tote/Shopping Bags New Plaid Contrast Leaf Top Lined Nylon Handle...,11.0,Unknown,OS
Lucky♣️Brand Pira Denim Check Tote Bag,60.0,Unknown,15x13x4
KC Jagger Black faux Snakeskin Embossed Rolling Laptop Bag Carry On Suitcase,128.0,Unknown,OS
New VTG 70’s Justin Leather English Saddle Stirrup Equestrian Shoulder Bag Purse,200.0,Unknown,OS
Vintage 1970s Burgundy Red Vinyl Flight Carry On Shoulder Travel Bag,34.0,Unknown,"14"" W × 13"" H × 7"" D"
Floral Vera Bradley Wallet,15.0,Unknown,OS
Harajuku Lovers Colorful Graphic Tote with Pink Handles,250.0,Unknown,OS
Floral Satchel with Cream Handles Vegan with Long Strap,26.0,Unknown,Approx 9.5x11
Anuschka Hand-Painted Floral Zip Top Leather & See Thru Side Signed Coin Purse,19.0,Unknown,OS
Nicole Lee Denim Large Tote Bag Brown Straps Multicolor Boho Hippie Rare,50.0,Unknown,measurements in pictures
Patricia Nash Rose Hand Painted Leather Satchel Crossbody Bag Tan Floral Design,69.0,Unknown,OS
Harajuku Lovers 14x15 Tote Bag VTG Y2K Ice Cream Digital EXCELLENT Hard to Find!,38.0,Unknown,OS
Badiya Faux Snake Skin Adjustable Belt Waist Bag W/Magnetic Closures GUC,17.0,Unknown,OS
NWT Lululemon Gray Everywhere Belt Bags Unisex Adults Nylon,65.0,Unknown,OS
Vera Want Black Purse w/2 Outside Pockets & Double Handles/Snap Closure,30.0,Unknown,OS
Shimmering Silver evening bag with Textured Metallic Sheen,15.0,Unknown,7” x 5”
Louis Vuitton Lockme Tender Brown Grained Leather Shoulder Bag,499.0,Unknown,OS
Longchamp Brown Mini Crossbody Bag,68.0,Unknown,OS
@KLWISE IS LIVE! Like this to get notified when I'm LIVE! Happy Shopping!!!,9999.0,Unknown,OS
Burgundy crossbody bag‎ with gold hardware,11.0,Unknown,OS
Vintage Dooney And Bourke Cabriolet Tote Bag EUC,85.0,Unknown,OS
BETSY JOHNSON | PINK LOGO | CROSSBODY WALLET PURSE,16.0,Unknown,OS
PINK Victoria's Secret Black Tote Bag Modern Minimalist Design,37.0,Unknown,OS
Marc Jacobs Women's The Bucket Leather Bucket Crossbody Bag Argan Oil Brown OS,290.0,Unknown,OS
Zara mini City Bag Plum Top Stitching top Handle w/crossbody strap Burgundy,35.0,Unknown,OS
Coach Monogram Long Wallet,50.0,Unknown,OS
"Lilly Pulitzer Insulated Backpack Cooler In Tropical ""Chick Magnet"" Print NWTS",80.0,Unknown,OS
💎✨Authentic✨💎Louis Vuitton Monogram Deauville Hand bag,1199.0,Unknown,OS
Kate Spade Madison Double Zip Wristlet Wallet Phone Case Platinum Grey Mult NWT,59.0,Unknown,Large
Coach Kristy Pebbled Leather Shoulder Bag C6828 in Red Apple Multi Colorblock,180.0,Unknown,OS
Valentino Orlandi Vegan Leather Crossbody Bag,60.0,Unknown,OS
NWT Crescent Beaded Bag Artisan Handmade India Blue Top Handles Crossbody Chain,75.0,Unknown,OS
Robin Ruth Chicago Canvas‎ Purse Floral Neck Wallet Crossbody Bag Love,18.0,Unknown,OS
NWT Louis Vuitton X Murakari Cherry 🍒 Monogram mini bumBag,3600.0,Unknown,OS
Hello Kitti gray and black crossbody bag medium,41.0,Unknown,Medium
Coach 9144 Vintage Legacy Flap Shoulder‎ Bag in Brown,124.0,Unknown,OS
NWT Emerald Green Leather Bucket Bag 90's boho Preppy School,48.0,Unknown,OS
Valentino Orlandi Quilted Vegan Leather Tote Beige Gold NWT,67.0,Unknown,OS
COCCINELLE‎ Warm Taupe Leather Crossbody Bag,111.0,Unknown,OS
Juicy Couture Pink Lemonade Patent Bow Mini Barrel Crossbody Bag NWT,60.0,Unknown,OS
Dooney & Bourke Navy Blue Monogram Satchel,55.0,Unknown,OS
Guess Vtg Y2K Grunge Frayed Black Denim Shoulder Bag 2 Main Sections 2 Pockets,24.0,Unknown,OS
"On 34th Nylon Xl Quilted Tote, Created for Macy's - Black",45.0,Unknown,OS
Kate Spade New York Chelsea Grey Nylon Large Tote Bag Shoulder Bag Zip Top FLAWS,20.0,Unknown,OS
Vintage Coach Chapin Regis Madison Collection Made In Italy,181.0,Unknown,OS
Vintage☆Lucky Brand Modesto Stash Saddle Crossbody Bag,60.0,Unknown,Small
Coach Tan Cream Leather Wristlet,25.0,Unknown,OS
"Capelli Straworld, Inc. tan, cream and white variegated woven purse",23.0,Unknown,OS
Michael Kors Hamilton Navy Blue Leather Satchel Bag Gold Lock Shoulder Strap,53.0,Unknown,OS
Coach Brown & TanSignature Mini Shoulder Bagwith Gold Hardware,165.0,Unknown,OS
J.W. HULME CO. Red Plaid Crossbody Bag with Black Leather and brass handles,100.0,Unknown,OS
450. NWT BEBE ADELA MONOGRAM BAGUETTE HANDBAG,45.0,Unknown,10.75”L x 5.5”H x 2.5”D
Victoria's Secret Vintage Y2K 90s Purse Handbag Purple Gold Velour,32.0,Unknown,OS
"Taylor Swift canvas, double-sided tote white",10.0,Unknown,OS
Coach Polly Pebbled Leather Bubble Gum Pink Turnlock Zip Crossbody Pouch C3376,100.0,Unknown,OS
Coach CZ772 MollieTote Bag 25 In Signature Canvas With Cherry Print,245.0,Unknown,OS
Gold and rhinestone purse,35.0,Unknown,OS
Sonia Kashuk Quilted Light Blue Cosmetic Bag,18.0,Unknown,OS
Michael Kors Daniela Saffiano Leather Crossbody,62.0,Unknown,OS
lululemon Sherpa everywhere belt bag,28.0,Unknown,OS
Lucky Brand Large Woven Tote Bag,30.0,Unknown,OS
H BIRKIN 25 IMPORTED EPSOM HANDMADE MALACHITE VERT FONCE GHW SELLIER,2000.0,Unknown,OS
Victoria’s Secret Black Faux Leather Backpack,20.0,Unknown,OS
🥝Longch​amp Navy blue Mini Crossbody Baga,70.0,Unknown,OS
Patricia Nash Colorful Floral Straw Tote Bag,85.0,Unknown,OS
Juicy Couture 2012 Black Velour Crossbody Bag,65.0,Unknown,OS
VERA BRADLEY XL Floral Sling Backpack,66.0,Unknown,OS
Vintage Y2K Black Beaded evening party Bag made in India,39.0,Unknown,OS
Kate Spade Zip Around Wallet Black OS EUC,32.0,Unknown,OS
Billabong Denim Heart Print Backpack Blue White Adjustable Straps School Bag‎,30.0,Unknown,OS
DRAPER JAMES Everyday Straw Bag with Floral Scarf Tie NWT,35.0,Unknown,OS
Nina Ricci Monogram Jacquard Shoulder Bag Beige Taupe Canvas Leather Strap‎,75.0,Unknown,OS
Nine West textured vinyl grey handles crossbody purse,20.0,Unknown,OS
Vintage Nine West Black Embroidered Mini Shoulder Bag Prom Dark Romantic Gothic,39.0,Unknown,OS
Juicy Couture Dark Blue Navy & White Wristlet Wallet W/ Gold Emblem (EUC)✨️💙✨️,45.0,Unknown,JUICY COUTURE NAVY & WHITE WRISTLET WALLET ✨️💙✨️
Steve Madden Satchel Womens Olive Green NWT Embossed Logo Scarf Crossbody Medium,88.0,Unknown,OS
MICHAEL KORS Jet Set Travel Medium Dome Crossbody Bag XCROSS XBODY Black NWT,98.0,Unknown,Medium
💯Authentic Fendi Monogram Large FF Logo🍀,399.0,Unknown,OS
‎Leather Bag Patchwork Gray Brown Handle Messenger Purse Y2K Boho Distressed,18.0,Unknown,OS
Bad Bunny Sad Heart Red Crossbody Bag with Branded Strap - Silicone,30.0,Unknown,OS
Kate Spade Juliette Leather Medium Tote Light Sand,225.0,Unknown,OS
Tignanello Large Tan Leather Shoulder Bag NICE!,30.0,Unknown,OS
FOSSIL Brown Suede Handbag,121.0,Unknown,OS
Victoria's Secret 2025 Fashion Show Tote Bag Black Nylon Gold Wing,29.0,Unknown,OS
"UGG ""LEA"" PEBBLED FINE GRADE LEATHER SHOULDER BAG WITH FRINGE AND LINEN LINING",125.0,Unknown,"14"" × 10"" × 6"""
Kimchi Blue Heart Shaped Cork Clutch Bag Gold Chain Crossbody Evening Minaudiere,32.0,Unknown,OS
Michael Kors Brown Crossbody Bag,110.0,Unknown,OS
STEVE MADDEN Bevelyn Pink Viral Tic Toc Crossbody Purse Bag NWOT,76.0,Unknown,OS
Dooney & Bourke Crossbody Bag Small Black All Weather‎ Leather VTG Made in USA,82.0,Unknown,OS
Canvas Wristlet Makeup Bag Black & White with City Names Fully Lined with Zipper,12.0,Unk,OS
💎✨Beautiful✨💎Authentic Louis Vuitton Monogram Deauville Hand bag,1099.0,Louis Vuitton,OS
Lululemon Everywhere belt Bag Grey Sage large 2L,89.0,lululemon athletica,OS
MCM Tote,275.0,MCM,Approx 11x13.5
💎✨HOT BUY✨💎Authentic MCM Visetos Leather,550.0,MCM,OS
Coach Vintage Hamptons Limited Edition Braided Handbag 9290,225.0,Coach,"roughly 14""W x 9.5""T"
Gucci Torchon Marmont Quilted Leather Wallet on Chain WOC Bag Clutch Black/Red,1198.0,Gucci,"5.5""H x 8""W x 2""D"
Kate Spade Quilted Satchel Soft Black Leather,85.0,kate spade,OS
Checker 28 Silver Metallic Chain Trim Crossbody Clutch Purse,19.0,Checker 28,OS
Steve Madden Iridescent Holographic Crossbody Waistbag,28.0,Steve Madden,OS
LOUIS VUITTON M54412 Epi Serviette Ambassador Business bag Epi Leather Black,1696.0,Louis Vuitton,W15.9×H12.0×D3.9inch
Badgley Mischka quilted crossbody with gold hardware and chain. NWT $149,36.0,Badgley Mischka,OS
Victoria's Secret Pink Beach Bag,12.0,Victoria's Secret,OS
Louis Vuitton Red Epi Leather Key/Card Holder,74.0,Louis Vuitton,OS
kate spade Black Pebbled Leather Crossbody with Front Zip,45.0,kate spade,OS
Victoria's Secret Sequined Small Clutch,23.0,Victoria's Secret,Small
Minimalist Shoulder Bag 👛,38.0,Rebellious Rose,OS
Accessories Black and white herringbone wool blend shoulder bag,28.0,accessories,OS
Vintage Gucci Leather Logo Embossed Card Bifold Wallet Guccissima Dark Brown,88.0,Gucci,OS
Vintage S.T. DuPont Paris rare black evening clutch with dust bag,360.0,S.T. Dupont,OS
Woven Burlap and Leather Floral Handbag,36.0,Unbranded,OS
kate spade Burgundy clutch Crossbody bag chain can be removable,72.0,kate spade,OS
BEIS The Work Tote Black Croc Embossed Vegan Leather Laptop Bag Travel Carryall,67.0,BEIS,OS
Gucci vintage brown GG crossbody bag,600.0,Gucci,OS
Lululemon Pink Dual Pouch Wristlet + 2 Sock Bundle NWT Size S,80.0,Lululemon,OS
NWT Foodland Hawaii Washable Wine Gift Tote Bags (Set of 2),28.0,Foodland Hawaii,see pics
Dooney & Bourke Black and Gold Logo Hobo Bag DB leather durable purse handbag,149.0,Dooney & Bourke,OS
NWT MSRP$3300 YSL SAINT LAURENT Large TriQuilted Matelasse Grain de Poudre,2995.0,Saint Laurent,OS
Fossil stitch decorated Black Leather Wristlet,27.0,Fossil,OS
Vera Bradley Quilted Lime Green Satchel Shoulder Bag Retired,25.0,Vera Bradley,12x7x5approx
Burberry Blue Label Vintage Nylon Hobo Shoulder Bag,159.0,Burberry,OS
Trader Joe's Mini Insulated Tote Blue‎ Green Single Bag,30.0,Trader Joe'S,OS
Yves Saint Laurent Black Calfskin Compact Chain Wallet,499.0,None,OS
CXI Paris Caviar Clutch with Detachable Chain Silver,38.0,Unknown,OS
Gold Fabric Vintage Clutch with Chain,15.0,Unknown,OS
Cartier Must de Cartier Checkbook Wallet In Burgundy Calfskin Leather Authentic!,75.0,Cartier,OS
Coach Y2K Legacy Pouch Red Leather Tan Signature Jacquard Canvas Zip Wristlet,30.0,Coach,OS
Vera Bradley Quilted Navy Crossbody Wristlet Bag,60.0,Vera Bradley,OS
Michael Kors,60.0,Michael Kors,OS
Medicine Red Crossbody Bag Adjustable Removable Strap Sueded Flap Closure,11.0,Medicine,OS
Coach Legacy 2006 Leather Shoulder Bag in Bone EUC,68.0,Coach,OS
Hobo☆Pink Lauren Wallet/Clutch,125.0,HOBO,8.5x4
Vintage HTF Matt And Nat Montreal Appliqué Flower Handbag Purse 3D Flowers,75.0,Matt & Nat,OS
Ivivva lunch bag,25.0,Ivivva,OS
Dooney & Bourke Signature Monogram Luisa Shoulder Bag Leather Trim Brown,80.0,Dooney & Bourke,OS
Pulicati Leather‎ Designer Backpack Bag Italy SKUCH124,150.0,Pulicati,OS
PRADA🌟 RE-EDITION 2005 Nylon Beige Crossbody/Chain 3 way Bag! offers welcome,1251.0,Prada,OS
Vera Bradley Hipster In Ribbon Pattern Boho Quilted Crossbody Bag Purse Retired,20.0,Vera Bradley,OS
Preston & York woven shoulder bag good condition magnetic closure,19.0,Unknown,OS
Chanel Classic Medium White Caviar Leather Flap Bag,499.0,Unknown,OS
New Urban Outfitters Knitted Tote Shoulder Bag,24.0,Unknown,OS
COACH Crossgrain Leather Zip Top Tote Shoulder Bag F35204 Deep Pink,144.0,Unknown,OS
Michael Kors Gradient Olive and Gold Crossbody,139.0,Unknown,OS
The Zip-Top Small Transport Crossbody: Croc Embossed Leather Edition,60.0,Unknown,OS
Sky Blue Patent Travel Bag with Gold Hardware,65.0,Unknown,"Approx 9"" x 13"""
Disney Photo Display Tote Bag,8.0,Unknown,OS
BCBG Black Leather Crossbody with Gold Chain,28.0,Unknown,OS
Marc Jacobs Women's Snapshot Camera Bag Silver OS,198.0,Unknown,OS
Tory Burch Wine Burgundy Patent Leather Chain Shoulder Bag,300.0,Unknown,OS
Parfois Love-Themed Graffiti Print Nylon Backpack With Adjustable Straps- NWT,40.0,Unknown,OS
Disney Winnie the Pooh Mini Backpack,8.0,Unknown,OS
Pelli‎ Couture Jessica Tote Bag- Reversible Attachment -Blue suede/Leopard,115.0,Unknown,OS
Valentino Garavani Rockstud Two Way – ORO Red Colorway – With Accessory Set,928.0,Unknown,OS
BNB Felted Wool Tote Bag Womens Large Turquoise Blue 3D Floral Applique Nepal,15.0,Unknown,OS
Louis Vuitton Monogram Pochette camille,2300.0,Unknown,OS
Coco + Carmen Women's Crossbody Wallet Purse Black Floral Butterfly NWT,25.0,Unknown,OS
Dooney & Bourke Oakdale Milly Wristlet NWOT,130.0,Unknown,OS
Universal Thread Handbag,13.0,Unknown,OS
Michael Kors Scarlett XS Brown Logo Satchel with Matching Wallet,145.0,Unknown,OS
No Boundaries Blue Denim Bucket Travel Bag Purse NWOT Crossbody Strap,20.0,Unknown,OS
Michael Kors Gray Snake Print Handbag,45.0,Unknown,OS
Pink Strawberry Bag Charm Keychain Crystal Purse Charm,15.0,Unknown,OS
Unbranded Gray Satin Bead Floral Embroidered Micro Evening Bag Party Witchy Goth,10.0,Unknown,OS
Juicy‎ Couture Black and Tan Crossbody,29.0,Unknown,OS
Coach Women's Tan Signature Fabric Leather Trim Turn Lock Minibag/Wristlet,79.0,Unknown,OS
Tiagello Gray Shoulderbag,64.0,Unknown,OS
Burberry burberrys vintage brown signature nova check bag,500.0,Unknown,OS
GoodLouisVuitton Bag NewLV Bag,355.0,Unknown,OS
Louis Vuitton Comete Zip Around Wallet Taurillon Leather Taupe Gray M63104,425.0,Unknown,"7.6""L x 4.3""H x 1.18""D"
MADEWELL 13”X 14” Ivory & Blue Ombré Canvas Transport Tote Bag. LV Charm,35.0,Unknown,OS
MCM‎ Black Leather Munchen Studded Satchel Tote Bag,194.0,Unknown,OS
"The sak new with tag, ivy, leather style blue floral bag",117.0,Unknown,OS
CRYSTAL ENCRUSTED EVENING BAG beaded EVENING BAG💥black w chain TIMELESS CLASSIC,75.0,Unknown,OS
Laundry Shelli Segal Taupe Quilted Puffer Crossbody Purse,33.0,Unknown,OS
NWT Dooney & Bourke Nylon Leather Trim Crossbody Bag,125.0,Unknown,OS
Steve Madden Red Embossed Logo Mini Backpack Gold Hardware Tassel Charm Womens,21.0,Unknown,OS
Gucci Interlocking G Crossbody Bag Black Pebbled Leather Gold Chain 510304,800.0,Unknown,OS
"FOSSIL Purse, shoulder or crossbody. Great used condition.",80.0,Unknown,OS
Valentino Orlandi Cream Crossbody with Gold Studs,65.0,Unknown,OS
Blogilates Water Bottle Sling Peach Floral Insulated Crossbody Bag NWT,16.0,Unknown,OS
Mario Valentino Black Clutch/ Wristlet w/ Dust bag,225.0,Unknown,OS
Vintage Billy‎ Bag London Brown Leather Crossbody Messenger Bag,30.0,Unknown,OS
Kenneth Cole Elegant Brown Leather Travel Bag,175.0,Unknown,OS
Gucci Medium Blondie Shoulder Purse in Beige Ebony GG Supreme,499.0,Unknown,OS
COACH PENELOPE SIGNATURE CANVAS TOTE,60.0,Unknown,OS
Cute Woven With Black Bow Handbag.,29.0,Unknown,OS
Coach C print red tote Bag,85.0,Unknown,OS
"Coach​ Medium Rowan Satchel - Powder Pink Charms 10""",172.0,Unknown,OS
Chaps Black Smart Bag Concert Festival Going Out Travel Wristlet,18.0,Unknown,OS
KULE Plaid Canvas Shoulder Tote Natural Navy Red Over Shoulder Carryall Bag,199.0,Unknown,OS
Dior Black Cannage Lambskin Mini Lady Dior Handbag with Top Handles,499.0,Unknown,OS
Black Quilted Tote Set with Gold Chain Accents,55.0,Unknown,OS
VTG Hand-Beaded Kiss Lock Evening Bag Clutch Purse 1920 Type Prom Flapper Gatsby,100.0,Unknown,OS
Michael Kors Rose gold glitter clutch crossbody,145.0,Unknown,OS
MULTISAC Navy Blue Crossbody Zippy Shoulder Bag Lots of Pockets! EUC,18.0,Unknown,OS
Disney Parks Walt Disney World 1971 Canvas Tote Bag,30.0,Unknown,21x15 Tote Bag
Rebecca Minkoff Pink Leather ‘Megan’ Large Tote Bag,90.0,Unknown,OS
"DKNY Heritage Stachel Handbag‎ Medium Dimension: 12""x 8""x 5"" Brown",54.0,Unknown,OS
Eugenia Kim‎ Black Bagata Crossbody Hat Bag,199.0,Unknown,OS
Brown Espresso Martini Velvet Cosmetic Bag with Beaded Cocktail Design Pink New,22.0,Unknown,OS
Vintage Hamptons Legacy Horsebit Tote & Wallet Set Cognac Embossed Leather Y2K,399.0,Unknown,OS
Authentic Bottega Veneta Black Intrecciato Quilted Clutch / Cosmetic Bag Set,1250.0,Unknown,OS
NEW! Michael Kors Hamilton Ivory Monogram Padlock Logo Satchel,150.0,Unknown,13”Hx9”Wx5”D Handle - 4.5” Strap - 11”
Sam Edelman Leather Loraine Small Shoulder Bag in Dusty Pink (dust bag included),80.0,Unknown,OS
Charming Vera Bradley Bag - Perfect Size!,15.0,Unknown,OS
Myra Bag Western Aztec Cowgirl Cotton Leather Messenger Bag,40.0,Unknown,OS
"MOYNA from MOYNA Bags, Red Satin Multicolor Floral Satin Clutch.",64.0,Unknown,"13"" x 4.5"", Chain Strap Drop: 25"""
COACH | Signature C Black Patent Leather Wristlet,24.0,Unknown,OS
💎✨HOT BUY✨💎AUTHENTIC Gucci Guccissima Leather Shoulder bag,650.0,Unknown,OS
Vintage Etienne Aigner Tweed Shoulder Bag Beige Brown Classic Canvas Purse,22.0,Unknown,"11""x7.5"""
Vintage 2000s Guess Logo Wristlet Purse | Glossy Croc Texture Sleek,20.0,Unknown,OS
💎✨Authentic✨💎BVLGARI Logo Mania Canvas Leather Crossbody Bag,215.0,Unknown,OS
NEW STAUD GOODNIGHT MOON BAG 100% LEATHER,219.0,Unknown,OS
NWT Victoria's Secret rhinestone Black Tote Bag / Duffle / Weekender bag,24.0,Unknown,OS
Vera Bradley Wristlet Wallet in Navy Blue Floral,12.0,Unknown,OS
Steve Madden Green Wristlet Wallet ID Window Card Case Organizer Small Pouch,5.0,Unknown,OS
Quince Chevron Quilted Leather Zip Around Wallet Ivory NWT,42.0,Unknown,OS
Marc Jacobs clutch with magnetic closure used,76.0,Unknown,OS
The Sak Lumi Crochet Crossbody Bag Bamboo Beige Woven Shoulder Purse,32.0,Unknown,OS
Antonio Scepi Chic Black Croc-Embossed Shoulder Bag with Gold hardware,95.0,Unknown,OS
Vintage Etro Milano Paisley Coated Canvas Tote Bag Tortoiseshell Handles Italy,265.0,Unknown,OS
Authentic Kate Spade Lemon Large Tote,149.0,Unknown,12.5” x 18” x 5.5”
Tod's G Line Easy Sacca Mini Bag White,200.0,Unknown,OS
Juicy Couture Dusty Blush Pink Bifold Wallet Elongated Faux Leather NWT,34.0,Unknown,OS
Botkier Beatrice Crossbody Leather Bag​,60.0,Unknown,OS
Michael Kors Black Leather Wristlet,40.0,Unknown,OS
Coach X Peanuts Charlie Brown Hobo Shoulder Bag With Extra Crossbody Strap,198.0,Unknown,OS
Vibrant Pink Floral Quilted Shoulder Bag Purse with Wallet,35.0,Unknown,OS
Florentine Clayton,375.0,Unknown,OS
ANN Taylor Leather Baguette Top Handle Bag with Gold Chain Strap,15.0,Unknown,OS
J. Crew 1989 red and white striped canvas cotton tote bag new without tags CL319,40.0,Unknown,OS
Maurizio Taiuti Elegant Brown Chain Tote Bag,97.0,Unknown,OS
Navy Blue Tommy Hilfiger Coin Purse,20.0,Unknown,OS
CS Top Handle Satchel Bag Purse Handbag Black,49.0,Unknown,OS
Madewell The Chain Crossbody Bag.,49.0,Unknown,OS
(new+tag) Michael Kors Black & Ivory Giraffe-Print Shoulder Bag Black Hardware,98.0,Unknown,OS
Lululemon Everywhere Belt Bag Large Fleece Pink Tide,38.0,Unknown,OS
Authentic Louis Vuitton Vernis Bellevue GM Tote-Rare Metallic Olive Green- As Is,499.0,Unknown,OS
Givenchy Black Tote with Contrast Bead Handles,45.0,Unknown,OS
MCM tote bag,295.0,Unknown,OS
Vintage Tooled Leather Brown Shoulder Bag,50.0,Unknown,OS
Michael Kors Jet Set LG 2 in 1 card case wristlet Wallet POPPY COLOR,93.0,Unknown,Large
Brixley Compact Crossbody Bag in Sage Green.,15.0,Unknown,OS
Herschel Nova Mini Backpack Ash Rose Pink 9L Gold Zip Striped Lining Women's Bag,24.0,Unknown,OS
Marc Jacobs The Clover Shoulder Bag,295.0,Unknown,OS
New K Pop Music Makeup Bag Cosmetic Travel .,17.0,Unknown,OS
Prada Nylon Multi Pocket Wallet,181.0,Unknown,OS
💎✨Beautiful✨💎Authentic CELINE C Macadam Suede Leather Tote Bag Hand Bag,215.0,Unknown,OS
Cosmetic bags,10.0,Unknown,OS
Sanrio Hanamaru Obake Fluffy Plush Tote Bag White One Size NWT Kawaii Character,46.0,Unknown,OS
NWOT Vera Bradley Convertible Crossbody Ribbons Shoulder Bag Purse Tote Handbag,50.0,Unknown,OS
"Hello Kitty Messenger Bag AOP Cute, Red, 12"" Purse, Girls",11.0,Unknown,OS
American Eagle‎ Outfitters Blue Denim Tote Bag Stenciled Logo Distressed Cotton,18.0,Unknown,OS
Kate Spade Noel Jacquard Belt Bag Astral Blue NWT,135.0,Unknown,Medium
J.Crew Cheetah Leopard Suede Crossbody Flap Bag Gold Chain,21.0,Unknown,OS
Thirty-one bags,45.0,Unknown,OS
Hobo International Large Red Leather Tote Satchel Bag Silver Hardware,45.0,Unknown,OS
Fendi Mia Rare Shimmering Metallic Glitter Gold Zucca Lurex Large Tote Bag,1498.0,Unknown,16.5”W x 12”H x 5.5”D
Dooney & Bourke Signature 1975 Coated tote Med Susanna Bag,149.0,Unknown,OS
Zara Black White Monochrome Gingham Checked Handbag,20.0,Unknown,OS
Coach☆Small Zip Around Card Case In Dark Indigo- NWT,90.0,Unknown,Mini
NWT TORY BURCH EMERSON SMOOTH FLAP ADJUSTABLE. SHOULDER BAG BLACK $550,328.0,Unknown,OS
1960s Unique Coconut Shell Handbag with Fish Design,36.0,Unknown,OS
"New Pink, Yellow And White Tie Dye Tote",28.0,Unknown,"Height 12.5"" Width 18"" Strap 8.25"""
Spikes & Sparrows Crossbody Shoulder Bag Brandy Brown Leather Tablet Pocket,85.0,Unknown,OS
Louis Vuitton Black Aerogram Keepall Duffle with Adjustable Shoulder Strap,499.0,Unknown,OS
Madison West Cognac Brown Leather & Suede Shoulder Bag,20.0,Unknown,OS
Franklin Covey Black Leather Tote Bag‎,80.0,Unknown,OS
Like Dreams Heart Breaker Women's Crossbody‎ Bag Red Vegan Leather Adj Strap,69.0,Unknown,OS
NWT Primark Hello Kitty Linen Cotton Crossbody Phone Holder Bag Canvas 7” x 5”,35.0,Unknown,OS
VERA Bradley small blue floral wallet,10.0,Unknown,OS
Coach Burgundy Classic Carriage Monogram Underarm Bag,170.0,Unknown,OS
Lavender Knit Knot Bag Mini Tote Wristlet Daisy Floral,13.0,Unknown,OS
Cult Gaia Dust Bag,25.0,Unknown,OS
Risotto Quilted‎ Vegan Shoulder Bag,19.0,Unknown,OS
Montana West Gold Sequin Mini Purse - New With Tags,45.0,Unknown,OS
Vintage Rare Walt Disney World Mickey leather brown waist belt bag Fanny sling,46.0,Unknown,OS
Madison West Crossbody Bag – Black with Gold Hardware,24.0,Unknown,OS
Lauren Merkin Beige Crossbody Bag,25.0,Unknown,OS
